accuracy,precision,recall,f1
0.895500725689405,0.8910068205292587,0.8814285714285715,0.8846618207634191
